id;name;description;created_date;last_updated_date
1;politely;yahoo;2024-11-30T07:37:46;2024-11-30T11:10:13
2;shady blushing;some quietly nor;2024-11-30T12:45:20;2024-11-30T11:59:28
3;precedent oxidise;woot;2024-12-01T02:57:03;2024-11-30T04:33:50
4;keenly;now;2024-11-30T18:52:38;2024-12-01T00:47:12
5;brightly boyfriend pish;for;2024-12-01T01:01:22;2024-11-30T20:48:25
6;ah behind eek;reflate muted;2024-11-30T10:14:11;2024-11-30T08:07:09
7;ha;zen mmm sheepishly;2024-11-30T03:56:08;2024-11-30T13:38:49
8;bare;now;2024-11-30T07:18:29;2024-11-30T10:36:30
9;naughty formamide;concerning;2024-11-30T13:24:46;2024-11-30T07:10:17
10;whereas alienated;whoever foolishly;2024-11-30T22:54:09;2024-11-30T11:46:25
